{"is_source_file": true, "format": "Python", "description": "This source file sets up a FastAPI application, including CORS middleware configuration and a simple health check endpoint.", "external_files": ["fastapi", "fastapi.middleware.cors"], "external_methods": ["FastAPI", "CORSMiddleware"], "published": ["app"], "classes": [], "methods": [{"name": "health_check()", "description": "A GET endpoint at '/' that returns a JSON message indicating the service health status.", "scope": "", "scopeKind": ""}], "calls": ["FastAPI()", "CORSMiddleware", "app.add_middleware", "app.get"], "search-terms": ["FastAPI", "CORS middleware", "health check endpoint", "main.py", "API setup"], "state": 2, "file_id": 2, "knowledge_revision": 9, "git_revision": "d5cb0189e26497ad7a1cfe48d8fb3e90ea6e0662", "ctags": [{"_type": "tag", "name": "app", "path": "/home/kavia/workspace/code-generation/cycling-connect-313044-313055/bike_connect_backend/src/api/main.py", "pattern": "/^app = FastAPI()$/", "language": "Python", "kind": "variable"}, {"_type": "tag", "name": "health_check", "path": "/home/kavia/workspace/code-generation/cycling-connect-313044-313055/bike_connect_backend/src/api/main.py", "pattern": "/^def health_check():$/", "language": "Python", "kind": "function", "signature": "()"}], "hash": "58352bf5f133908bab16643199aa483d", "format-version": 4, "code-base-name": "bike_connect_backend", "filename": "bike_connect_backend/src/api/main.py", "fields": [{"name": "app = FastAPI()", "scope": "", "scopeKind": "", "description": "unavailable"}], "revision_history": [{"9": "d5cb0189e26497ad7a1cfe48d8fb3e90ea6e0662"}]}