{"is_source_file": false, "format": "", "description": "", "external_files": [], "external_methods": [], "published": [], "classes": [], "methods": [], "calls": [], "search-terms": [], "state": 2, "file_id": 1, "knowledge_revision": 6, "git_revision": "1d24402c0b125f89510800d0bb50ec149e7a118e", "hash": "70b0e672809ef4a3bebd212231eac0bc", "format-version": 4, "code-base-name": "bike_connect_backend", "filename": "README.md", "revision_history": [{"6": "1d24402c0b125f89510800d0bb50ec149e7a118e"}]}